{
  "cpu": {
    "forward": {
      "n": 1000,
      "mean_ms": 14.653463246359024,
      "p50_ms": 14.633375511039048,
      "p99_ms": 15.279175327159464,
      "min_ms": 14.56916204188019,
      "max_ms": 15.748520963825285
    },
    "cosine": {
      "n": 1000,
      "mean_ms": 13.865828181791585,
      "p50_ms": 13.868138514226303,
      "p99_ms": 14.103226945153438,
      "min_ms": 13.380312011577189,
      "max_ms": 14.710110030137002
    },
    "top1_acc": 0.969,
    "top5_acc": 0.977,
    "n_samples": 1000
  },
  "coral": {
    "forward": {
      "n": 1000,
      "mean_ms": 11.233379406156018,
      "p50_ms": 11.225169495446607,
      "p99_ms": 11.436987219494767,
      "min_ms": 10.954384983051568,
      "max_ms": 12.300128990318626
    },
    "cosine": {
      "n": 1000,
      "mean_ms": 13.462236671417486,
      "p50_ms": 13.439963484415784,
      "p99_ms": 14.378185613895766,
      "min_ms": 13.00806098151952,
      "max_ms": 15.026998007670045
    },
    "top1_acc": 0.969,
    "top5_acc": 0.977,
    "n_samples": 1000
  }
}