{
  "cpu": {
    "forward": {
      "n": 1000,
      "mean_ms": 14.46781332793762,
      "p50_ms": 14.450318994931877,
      "p99_ms": 15.026766454102471,
      "min_ms": 14.171171991620213,
      "max_ms": 15.546685986919329
    },
    "cosine": {
      "n": 1000,
      "mean_ms": 13.89922757592285,
      "p50_ms": 13.884210493415594,
      "p99_ms": 14.521136804542039,
      "min_ms": 13.552397023886442,
      "max_ms": 14.90502100205049
    },
    "top1_acc": 0.343,
    "top5_acc": 0.486,
    "n_samples": 1000
  },
  "coral": {
    "forward": {
      "n": 1000,
      "mean_ms": 11.252090441528708,
      "p50_ms": 11.251607982558198,
      "p99_ms": 11.57026649074396,
      "min_ms": 10.956776008242741,
      "max_ms": 12.295123015064746
    },
    "cosine": {
      "n": 1000,
      "mean_ms": 13.464125651167706,
      "p50_ms": 13.43896149774082,
      "p99_ms": 14.494993233820423,
      "min_ms": 13.163730996893719,
      "max_ms": 14.94107599137351
    },
    "top1_acc": 0.343,
    "top5_acc": 0.486,
    "n_samples": 1000
  }
}