{
  "cpu": {
    "name": "CPU forward",
    "n": 100,
    "mean_ms": 14.45866866823053,
    "p50_ms": 14.39405549899675,
    "p90_ms": 14.455404499312863,
    "p99_ms": 16.67991721478757,
    "min_ms": 14.343878981890157,
    "max_ms": 17.164739983854815
  },
  "coral": {
    "name": "Coral forward",
    "n": 100,
    "mean_ms": 11.028594469826203,
    "p50_ms": 10.982473497278988,
    "p90_ms": 11.15868981287349,
    "p99_ms": 11.227493330079596,
    "min_ms": 10.90739099890925,
    "max_ms": 11.331278015859425
  },
  "cosine": {
    "name": "Cosine NN search",
    "n": 100,
    "mean_ms": 13.627906638139393,
    "p50_ms": 13.507854004274122,
    "p90_ms": 13.610460501513444,
    "p99_ms": 15.839403319114355,
    "min_ms": 13.378253002883866,
    "max_ms": 16.115447011543438
  }
}