{
  "cpu": {
    "name": "CPU forward",
    "n": 100,
    "mean_ms": 9.948519520112313,
    "p50_ms": 9.940419491613284,
    "p90_ms": 9.96798258565832,
    "p99_ms": 10.0531127260183,
    "min_ms": 9.911753004416823,
    "max_ms": 10.427901026559994
  },
  "cosine": {
    "name": "Cosine NN search",
    "n": 100,
    "mean_ms": 18.350959010713268,
    "p50_ms": 18.33154002088122,
    "p90_ms": 18.39576559723355,
    "p99_ms": 18.635636672843248,
    "min_ms": 18.291742977453396,
    "max_ms": 18.78083701012656
  }
}