{
  "mode": "weight",
  "n_class": 98169,
  "emb_dim": 128,
  "dtype": "float32",
  "l2_normalized": true,
  "source_ckpt": "D:\\Library\\01 Admissions\\01 UIUC\\4-2 SP26\\ECE 479\\lab3\\train_engine_v4\\out\\16_scer_v1\\best.pt",
  "source_epoch": 20,
  "source_metrics": {
    "char/top1": 0.0629827688651218,
    "char/top5": 0.11841100076394194,
    "emb/top1": 0.9523809523809523,
    "emb/top5": 0.9625668449197861,
    "radical/top1": 0.7772684831508361,
    "idc/top1": 0.9544290834613415,
    "total_strokes/mae": 0.7140973813767931,
    "residual_strokes/mae": 0.9009996891305054
  },
  "source_best_metric_value": 0.9523809523809523,
  "source_best_metric_key": "emb/top1",
  "sha256_prefix": "03f54cffa2db8701"
}